{
  "model_summary": {
    "n_observations": 432,
    "n_events": 114,
    "concordance_index": 0.6403292470997135,
    "log_likelihood": -658.7476594460855,
    "AIC_partial": 1331.495318892171
  },
  "coefficients": {
    "fin": {
      "coef": -0.3794221657180835,
      "hazard_ratio": 0.6842566819687549,
      "se": 0.19137948069828947,
      "hr_lower_95": 0.4702367182275681,
      "hr_upper_95": 0.9956840643658624,
      "p_value": 0.04741609529662992,
      "significant": true
    },
    "age": {
      "coef": -0.05743774002920775,
      "hazard_ratio": 0.9441806732176317,
      "se": 0.021999470362241924,
      "hr_lower_95": 0.9043345499999432,
      "hr_upper_95": 0.985782466983879,
      "p_value": 0.009031242343955147,
      "significant": true
    },
    "race": {
      "coef": 0.31389978726744083,
      "hazard_ratio": 1.3687525632396749,
      "se": 0.30799277660836105,
      "hr_lower_95": 0.7484469427657172,
      "hr_upper_95": 2.5031615099557265,
      "p_value": 0.308117967943537,
      "significant": false
    },
    "wexp": {
      "coef": -0.14979570182124172,
      "hazard_ratio": 0.8608838354603128,
      "se": 0.21222429637584317,
      "hr_lower_95": 0.5679353544295027,
      "hr_upper_95": 1.3049389730303422,
      "p_value": 0.480289682096285,
      "significant": false
    },
    "mar": {
      "coef": -0.43370388118524955,
      "hazard_ratio": 0.6481041429038426,
      "se": 0.3818680570853933,
      "hr_lower_95": 0.30661833296706636,
      "hr_upper_95": 1.3699082373337426,
      "p_value": 0.25606423909355047,
      "significant": false
    },
    "paro": {
      "coef": -0.08487108063457323,
      "hazard_ratio": 0.9186307060555573,
      "se": 0.1957566718758514,
      "hr_lower_95": 0.6259109895277609,
      "hr_upper_95": 1.3482466168948823,
      "p_value": 0.664612372552468,
      "significant": false
    },
    "prio": {
      "coef": 0.09149708173533615,
      "hazard_ratio": 1.09581357881383,
      "se": 0.028648549895298747,
      "hr_lower_95": 1.0359790853332576,
      "hr_upper_95": 1.159103901336477,
      "p_value": 0.0014042451169203214,
      "significant": true
    }
  }
}