method,rmse,time,n_train,n_test
행 삭제,0.7699114533995544,0.0004992485046386719,2751,681
평균 대체,0.8725650419265762,0.0,16512,4128
중앙값 대체,0.878109287964814,0.039649248123168945,16512,4128
KNN 대체 (K=5),0.8634025250815851,26.88628578186035,16512,4128
반복 대체 (MICE),0.8614584251287074,0.3094663619995117,16512,4128
