{
  "model_summary": {
    "n_observations": 432,
    "n_events": 114,
    "concordance_index": 0.6403292470997135,
    "log_likelihood": -658.7476594460855,
    "AIC_partial": 1331.495318892171
  },
  "coefficients": {
    "fin": {
      "coef": -0.3794221657180837,
      "hazard_ratio": 0.6842566819687548,
      "se": 0.19137948069828944,
      "hr_lower_95": 0.470236718227568,
      "hr_upper_95": 0.9956840643658621,
      "p_value": 0.047416095296630115,
      "significant": true
    },
    "age": {
      "coef": -0.05743774002920776,
      "hazard_ratio": 0.9441806732176317,
      "se": 0.021999470362241928,
      "hr_lower_95": 0.9043345499999432,
      "hr_upper_95": 0.985782466983879,
      "p_value": 0.009031242343955146,
      "significant": true
    },
    "race": {
      "coef": 0.31389978726744094,
      "hazard_ratio": 1.3687525632396749,
      "se": 0.30799277660836105,
      "hr_lower_95": 0.7484469427657172,
      "hr_upper_95": 2.5031615099557265,
      "p_value": 0.3081179679435369,
      "significant": false
    },
    "wexp": {
      "coef": -0.14979570182124166,
      "hazard_ratio": 0.8608838354603129,
      "se": 0.2122242963758432,
      "hr_lower_95": 0.5679353544295028,
      "hr_upper_95": 1.3049389730303427,
      "p_value": 0.4802896820962852,
      "significant": false
    },
    "mar": {
      "coef": -0.4337038811852496,
      "hazard_ratio": 0.6481041429038424,
      "se": 0.38186805708539334,
      "hr_lower_95": 0.30661833296706625,
      "hr_upper_95": 1.3699082373337423,
      "p_value": 0.2560642390935504,
      "significant": false
    },
    "paro": {
      "coef": -0.08487108063457316,
      "hazard_ratio": 0.9186307060555574,
      "se": 0.19575667187585144,
      "hr_lower_95": 0.6259109895277608,
      "hr_upper_95": 1.3482466168948826,
      "p_value": 0.6646123725524682,
      "significant": false
    },
    "prio": {
      "coef": 0.09149708173533617,
      "hazard_ratio": 1.09581357881383,
      "se": 0.028648549895298747,
      "hr_lower_95": 1.0359790853332576,
      "hr_upper_95": 1.159103901336477,
      "p_value": 0.0014042451169203165,
      "significant": true
    }
  }
}