{
  "data_summary": {
    "total": 432,
    "train": 345,
    "test": 87,
    "events_train": 91,
    "events_test": 23
  },
  "xgboost_aft": {
    "c_index": 0.6259431224608242,
    "best_iteration": 80,
    "feature_importance": {
      "fin": 0.9846628308296204,
      "age": 1.5893086194992065,
      "race": 0.8620209693908691,
      "wexp": 1.4392132759094238,
      "mar": 1.7690978050231934,
      "paro": 0.9105397462844849,
      "prio": 1.318548321723938
    }
  },
  "random_survival_forest": {
    "c_index": 0.6352292513058618,
    "feature_importance": {
      "fin": 0.14285714285714285,
      "age": 0.14285714285714285,
      "race": 0.14285714285714285,
      "wexp": 0.14285714285714285,
      "mar": 0.14285714285714285,
      "paro": 0.14285714285714285,
      "prio": 0.14285714285714285
    }
  }
}