model,rmse,r2,training_time_sec
XGBoost,0.4638700072964944,0.835795246184819,0.38947176933288574
LightGBM,0.45277625224846124,0.8435554563466409,0.2140789031982422
CatBoost,0.47987533169614666,0.8242683484360612,1.0066752433776855
