model,rmse,r2
XGBoost 기본,0.4717943691423984,0.8301370561019205
XGBoost 최적화,0.4324799710605041,0.8572667552846162
LightGBM 기본,0.46351720797890145,0.8360449251645318
LightGBM 최적화,0.4330206526918328,0.8569096451785829
