model,rmse,r2,training_time_sec
XGBoost,0.4638700072964944,0.835795246184819,0.7593750953674316
LightGBM,0.45277625224846124,0.8435554563466409,0.7292735576629639
CatBoost,0.47987533169614666,0.8242683484360612,1.0685408115386963
