feature,mean_abs_shap,xgb_gain_importance,permutation_importance_mean
Latitude,0.45438406,0.08915921,0.9847538421586893
MedInc,0.40775016,0.49837068,0.46344249296070605
Longitude,0.4024815,0.09202168,0.8610918995751206
AveOccup,0.20490555,0.12586366,0.1449994239265211
AveRooms,0.09468819,0.08118132,0.04400121605368816
HouseAge,0.06389906,0.06576702,0.039144910029012915
AveBedrms,0.02758206,0.03278233,0.004906817100660599
Population,0.024449263,0.0148541,0.0046802913043388576
