model,rmse,r2
XGBoost 기본,0.4717943691423984,0.8301370561019205
XGBoost 최적화,0.4364517911600097,0.8546330426837461
LightGBM 기본,0.46351720797890145,0.8360449251645318
LightGBM 최적화,0.4377803064335648,0.85374673107144
