Method,ARI,NMI,Homogeneity,Completeness
DEC,0.048951855425527886,0.09866349482891056,0.089892414651135,0.10933128560654026
IDEC,0.04071448673814913,0.05350655193847858,0.0529359769194103,0.054089560963228867
KMeans,0.018566803308095237,0.05024224319627935,0.045211530727306444,0.05653266460312241
VaDE,0.0,0.0,0.0,1.0
