Method,ARI,NMI,Homogeneity,Completeness
DEC,0.16573928691085563,0.21919668480074525,0.21184152705101994,0.2270809569917724
KMeans,0.13515199067616737,0.27677675635171334,0.25365751882517845,0.30453296037940764
IDEC,0.09352798090497555,0.19154013510954723,0.1656640880277048,0.2269959689607177
VaDE,0.0,0.0,0.0,1.0
