Method,ARI_A (리뷰 주제),ARI_B (다른 도메인),NMI_A,NMI_B
KMeans,0.018566803308095237,0.13515199067616737,0.05024224319627935,0.27677675635171334
DEC,0.048951855425527886,0.16573928691085563,0.09866349482891056,0.21919668480074525
IDEC,0.04071448673814913,0.09352798090497555,0.05350655193847858,0.19154013510954723
VaDE,0.0,0.0,0.0,0.0
