year,actual,p5,p25,p50,p75,p95
2008,2.9000015258789062,0.0,16.230327606201172,28.52709197998047,45.58976364135742,76.11600494384766
